product_id,product_name,category,price,stock,customer_name,city
102,Mobile,Electronics,25000.00,20,Arun,Chennai
102,Mobile,Electronics,25000.00,20,Priya,Madurai
102,Mobile,Electronics,25000.00,20,Karthik,Coimbatore
102,Mobile,Electronics,25000.00,20,Divya,Chennai
102,Mobile,Electronics,25000.00,20,Rahul,Salem
103,Headphones,Accessories,2000.00,15,Arun,Chennai
103,Headphones,Accessories,2000.00,15,Priya,Madurai
103,Headphones,Accessories,2000.00,15,Karthik,Coimbatore
103,Headphones,Accessories,2000.00,15,Divya,Chennai
103,Headphones,Accessories,2000.00,15,Rahul,Salem
105,T-Shirt,Fashion,800.00,30,Arun,Chennai
105,T-Shirt,Fashion,800.00,30,Priya,Madurai
105,T-Shirt,Fashion,800.00,30,Karthik,Coimbatore
105,T-Shirt,Fashion,800.00,30,Divya,Chennai
105,T-Shirt,Fashion,800.00,30,Rahul,Salem
